Date,Temperature,Ph,DissolvedOxygen ,Calcium ,Chloride,Sodium,Potassium,Sulphate
01-04-2019,28.9,7.3,6.9,46,65.7,43.2,5.59,14.4
02-04-2019,28.2,7.3,6.5,46.3,65.7,43.2,5.5,14.1
03-04-2019,28.4,7.5,6.7,46.9,65,43,5.94,14.3
04-04-2019,28.8,7.7,6.7,46.1,65.6,43.4,5.53,14.6
05-04-2019,28.3,7.5,6.6,46.7,65.3,43.8,5.18,14.8
06-04-2019,28.7,7.7,6,46,65.4,43.3,5.59,14.9
07-04-2019,28.3,7.2,6,46.1,65.2,43.1,5.46,14.2
08-04-2019,28.8,7.5,6.9,46.7,65,43.3,5.44,14
09-04-2019,28.5,7.3,6.9,46.7,65.4,43.1,5.7,14.6
10-04-2019,28.7,7.4,6,46.9,65.3,43.2,5.41,14.8
11-04-2019,28.8,7.1,6.7,46,65.2,43,5.28,14.9
12-04-2019,28.7,7.7,6.1,46.6,65,43.6,5.52,14.9
13-04-2019,28.9,7.1,6.4,46.2,65.2,43.7,5.48,14.4
14-04-2019,28.2,7.2,6.5,46.6,65.1,43.9,5.98,14.5
15-04-2019,28.3,7.5,6.4,46.7,65.6,43.8,5.31,14.2
16-04-2019,28.7,7.8,6.1,46.1,65.9,43.9,5.84,14.4
17-04-2019,28,7.7,6.7,46,65,43.1,5.98,14.7
18-04-2019,28.2,7.5,6.5,46.5,65.3,43.3,5.59,14.7
19-04-2019,28.7,7.8,6.9,46.4,65.2,43.7,5.4,14.7
20-04-2019,28.3,7.3,6.3,46.4,65.4,43.8,5.32,14.8
21-04-2019,28.5,7.2,6.5,46.6,65.9,43.9,5.28,14.4
22-04-2019,28.6,7.7,6.9,46.8,65.4,43.9,5.5,14.2
23-04-2019,28.9,7.1,6.5,46,65.1,43.6,5.2,14.1
24-04-2019,28,7,6.1,46.4,65.9,43.1,5.64,14.3
25-04-2019,28.4,7.9,6.7,46.4,65.7,43.1,5.94,14.6
26-04-2019,28.5,7.4,6.4,46.6,65.7,43.4,5.21,14
27-04-2019,28.5,7.2,6.7,46.4,65.7,43.7,5.88,14.6
28-04-2019,28.1,7,6.6,46.6,65.8,43.1,5.85,14.3
29-04-2019,28,7.3,6,46,65,43,5.43,14
30-04-2019,28,7.9,6.9,46.9,65.4,43,5.7,14.7
01-05-2019,28.6,8.1,8.8,60.6,62.9,67.44,5.55,5.9
02-05-2019,28,8,8.5,60.8,62.9,67.68,5.8,5.8
03-05-2019,28.4,8.7,8.7,60.6,62.8,67,5.95,5.6
04-05-2019,28,8.2,8.6,60.5,62.1,67.3,5.15,5.3
05-05-2019,28.1,8.7,8.6,60.9,62.9,67.42,5.84,5.8
06-05-2019,28.5,8.5,8.6,60.1,62.5,67.91,5.78,5.6
07-05-2019,28.2,8.1,8.5,60,62.5,67.21,5.63,5.1
08-05-2019,28,8.8,8.2,60.7,62.1,67.63,5.64,5.3
09-05-2019,28,8.7,8.8,60.2,62.6,67.33,5.95,5
10-05-2019,28.1,8.9,8.4,60.3,62.7,67.97,5.45,5.7
11-05-2019,28,8.6,8.6,60,62.8,67.4,5.77,5.9
12-05-2019,28.1,8.6,8.6,60.9,62.5,67.54,5.83,5.6
13-05-2019,28.8,8.4,8.3,60.5,62.7,67.43,5.49,5.7
14-05-2019,28.4,8.6,8.5,60.3,62.6,67.75,5.43,5.7
15-05-2019,28.7,8.4,8.5,60.3,62.9,67.59,5.42,5.1
16-05-2019,28.2,8.6,8.8,60.6,62.7,67.74,5.78,5
17-05-2019,28.3,8.5,8.5,60.2,62.3,67.35,5.7,5.1
18-05-2019,28,8,8.5,60,62,67.67,5.28,5.2
19-05-2019,28,8.3,8.7,60,62.8,67.81,5.98,5.5
20-05-2019,28.1,8.2,8,60.6,62.4,67.41,5.74,5
21-05-2019,28.3,8.7,8.2,60.8,62.9,67.54,5.21,5.5
22-05-2019,28.4,8,8.4,60.1,62.1,67.48,5.28,5
23-05-2019,28.8,8.6,8.4,60.2,62.9,67.33,5.91,5.6
24-05-2019,28.1,8.2,8.4,60.8,62.9,67.46,5.66,5.7
25-05-2019,28.9,8.5,8.8,60.1,62.5,67.55,5.31,5.3
26-05-2019,28.9,8.1,8.1,60.9,62.8,67.9,5.12,5.1
27-05-2019,28.5,8.9,8.3,60.3,62.9,67.97,5.12,5.5
28-05-2019,28.5,8.4,8.3,60.1,62.8,67.22,5.33,5.2
29-05-2019,28,8,8.5,60,62,67.67,5.28,5.2
30-05-2019,28.1,8.2,8,60.6,62.4,67.41,5.74,5
31-05-2019,28.3,8.6,8.1,60.9,62.4,67.13,5.55,5.3
01-06-2019,28.1,7,5.6,71.9,60.8,73.55,5.84,6.2
02-06-2019,28.8,7.7,5.1,71.4,60.6,73.15,5.57,6.3
03-06-2019,28.2,7.2,5,71.2,60.7,73.13,5.13,6.2
04-06-2019,28.8,7.2,5.5,71.9,60.7,73.18,5.41,6.3
05-06-2019,28.4,7.3,5.1,71.3,60.2,73.63,5.74,6.3
06-06-2019,28,7.2,5.5,71.5,60.8,73.97,5.16,6.7
07-06-2019,28.5,7.6,5.2,71.5,60.2,73.27,5.65,6.4
08-06-2019,28.3,7.7,5.7,71.8,60.6,73.42,5.65,6.9
09-06-2019,28.8,7.7,5.5,71.8,60.7,73,5.94,6.1
10-06-2019,28.1,7.1,5.6,71.6,60.7,73.34,5.53,6.1
11-06-2019,28.9,7.7,5.4,71.6,60.8,73.99,5.41,6.9
12-06-2019,28.5,7.8,5.5,71.8,60.1,73.93,5.67,6.7
13-06-2019,28.6,7.7,5.8,71.6,60.9,73.3,5.36,6.2
14-06-2019,28.1,7.3,5.8,71.4,60.6,73.76,5.71,6.9
15-06-2019,28.4,7.5,5.6,71.7,60,73.98,5.43,6.4
16-06-2019,28.7,7.2,5.6,71.4,60.4,73.35,5.46,6.3
17-06-2019,28.1,7.8,5.2,71.2,60.3,73.71,5.39,6.5
18-06-2019,28,7.5,5,71,60,73.33,5.34,6.2
19-06-2019,28.6,7.4,5.1,71.5,60.5,73.47,5.3,6.4
20-06-2019,28.8,7.9,5.8,71.8,60,73.19,5.54,6.2
21-06-2019,28.1,7.9,5.7,71.8,60.4,73.96,5.88,6.2
22-06-2019,28,7.7,5.4,71.8,60.8,73.36,5.13,6.2
23-06-2019,28.6,7.6,5.2,71.9,60.9,73.65,5.83,6.2
24-06-2019,28.6,7.5,5.7,71.3,60.2,73.88,5.51,6.3
25-06-2019,28.8,7.2,5,71.9,60.1,73.52,5.6,6.3
26-06-2019,28.9,7.8,5.4,71.3,60.8,73.68,5.82,6.7
27-06-2019,28.8,7,5.5,71.5,60.6,73.96,5.76,6.3
28-06-2019,28.8,7.3,5.2,71.3,60.1,73.22,5.45,6.5
29-06-2019,28,7.9,5.4,71.9,60.4,73.92,5.18,6.3
30-06-2019,28.2,7.9,5.8,71.3,60.4,73.4,5.33,6.1
01-07-2019,28.6,7.5,3.8,76.4,59.5,76.2,5.81,6.2
02-07-2019,28.5,7.6,3.8,76.8,59.3,76.1,5.18,6.1
03-07-2019,28.3,7.6,3.8,76.3,59.2,76.7,5,6.5
04-07-2019,28.2,7.8,3.1,76.1,59.4,76.5,5.63,6.9
05-07-2019,28.1,7,3.6,76.3,59.7,76.2,5.92,6.7
06-07-2019,28.7,7.9,3.8,76,59,76,5.46,6.5
07-07-2019,28.5,7.9,3.4,76.8,59.7,76.4,5.6,6
08-07-2019,28.9,7.2,3.4,76.2,59.3,76.2,5.29,6.5
09-07-2019,28.4,7.4,3.4,76.2,59.4,76,5.4,6
10-07-2019,28.4,7.1,3.3,76.7,59,76.5,5.83,6.7
11-07-2019,28.6,7.2,3.6,76.5,59.5,76.9,5.31,6.9
12-07-2019,28.9,7.3,3.1,76.4,59.8,76.2,5.96,6.4
13-07-2019,28,7.3,3.5,76.8,59.2,76.7,5.55,6.9
14-07-2019,28,7.3,3.3,76.5,59.5,76.2,5.37,6.7
15-07-2019,28.5,7.2,3.4,76.5,59.8,76.4,5.46,6
16-07-2019,28,7.7,3.3,76.5,59.8,76.9,5.5,6.7
17-07-2019,28.4,7.2,3.5,76.6,59.7,76.5,5.42,6.6
18-07-2019,28.9,7.1,3.8,76.2,59.1,76.5,5.98,6.7
19-07-2019,28.9,7.7,3.6,76,59.8,76.9,5.86,6.1
20-07-2019,28.7,7.9,3.9,76.3,59.3,76.5,5.44,6
21-07-2019,28,7.3,3.2,76,59.1,76.2,5.97,6.9
22-07-2019,28.3,7,3.3,76.4,59.7,76,5.19,6.7
23-07-2019,28.7,7.8,3.3,76.3,59.9,76.8,5.51,6
24-07-2019,28,7.5,3.7,76.5,59.6,76.9,5.92,6.7
25-07-2019,28.5,7,3,76.7,59.5,76.9,5.81,6.1
26-07-2019,28.1,7.4,3.1,76.3,59,76,5.42,6.1
27-07-2019,28.6,7.4,3.4,76.2,59.2,76.2,5.83,6.7
28-07-2019,28.5,7.5,3.2,76.1,59.7,76.8,5.71,6
29-07-2019,28.9,7.6,3.1,76,59.7,76.1,5.46,6.5
30-07-2019,28.1,7.1,3.1,76.4,59.6,76.3,5.4,6.9
31-07-2019,28.7,7.4,3,76.3,59.5,76.6,5.85,6.6
01-08-2019,28.3,7.5,2.6,79.1,59.8,77.5,5.43,6.5
02-08-2019,28.9,7.5,2,79.7,59.6,77.7,5.38,6.6
03-08-2019,28.5,7.3,2.4,79,59,77.2,5.14,6
04-08-2019,28.2,7.7,2.7,79.3,59.2,77.8,5.2,6.3
05-08-2019,28.6,7.3,2.8,79.3,59.8,77.2,5.86,6.6
06-08-2019,28.6,7.7,2.7,79.7,59.4,77.8,5.82,6.4
07-08-2019,28.6,7.2,2.2,79.5,59.7,77.4,5.78,6.9
08-08-2019,28,7,2.4,79.8,59.6,77.6,5.77,6.5
09-08-2019,28.8,7.3,2.9,79.7,59.1,77.9,5.99,6.8
10-08-2019,28.2,7.9,2.2,79,59.2,77.2,5.52,6.5
11-08-2019,28.7,7.3,2.9,79.3,59,77.6,5.78,6.7
12-08-2019,28.8,7.1,2.4,79.4,59.1,77.1,5.32,6.6
13-08-2019,28.8,7.8,2.2,79.3,59,77.6,5.42,6.6
14-08-2019,28.9,7.3,2.6,79.9,59,77.1,5.93,6.5
15-08-2019,28.6,7.4,2.8,79.3,59.2,77.1,5.62,6.2
16-08-2019,28.2,7,2.8,79.1,59,77.9,5.75,6.4
17-08-2019,28,7.2,2.4,79.3,59.3,77.6,5.39,6.9
18-08-2019,28.5,7.7,2.8,79.3,59.5,77,5.14,6.2
19-08-2019,28.3,7.5,2.2,79.6,59.9,77.4,5.58,6.3
20-08-2019,28.3,7.4,2.4,79,59.7,77.2,5.26,6.6
21-08-2019,28.4,7.5,2.3,79.6,59.7,77.7,5.23,6.3
22-08-2019,28.2,7.9,2.2,79.6,59.5,77.7,5.38,6.1
23-08-2019,28.6,7.7,2.6,79.9,59.6,77.3,5.84,6.3
24-08-2019,28.6,7.8,2.5,79.1,59.5,77.5,5.17,6.5
25-08-2019,28.1,7,2.5,79.1,59.2,77.1,5.6,6.2
26-08-2019,28.2,7.8,2.9,79.5,59.6,77,5.71,6.4
27-08-2019,28.8,7.4,2.9,79.7,59.9,77.2,5.72,6.6
28-08-2019,28,7.9,2.7,79.5,59.8,77.5,5.88,6.1
29-08-2019,28.5,7.4,2.4,79.4,59.8,77,5.3,6.6
30-08-2019,28,7.5,2.2,79.8,59.1,77.8,5.28,6.7
31-08-2019,28.7,7.3,2,79.4,59.4,77.9,5.14,6.2
01-09-2019,28.2,7.1,2.3,80,59.7,78.4,5.62,7.8
02-09-2019,28,7.1,2,80.7,59.2,78.3,5.39,7
03-09-2019,28.6,7.3,2.6,80.1,59,78.3,5.39,7.1
04-09-2019,28.1,7.6,2.8,80.4,59.2,78.4,5.13,7.7
05-09-2019,28.5,7,2.3,80.1,59.8,78.8,5.28,7.8
06-09-2019,28.2,7.2,2.6,80.5,59.7,78.8,5.66,7.5
07-09-2019,28.8,7.3,2.4,80.3,59.3,78.8,5.88,7.3
08-09-2019,28.5,7.1,2.9,80.1,59.5,78.3,5.24,7.6
09-09-2019,28.3,7.3,2.8,80.6,59.2,78.9,5.35,7
10-09-2019,28.2,7.1,2.8,80.6,59.7,78.4,5.77,7.9
11-09-2019,28.1,7.4,2.1,80,59.1,78.7,5.1,7
12-09-2019,28.7,7.3,2.3,80.5,59.9,78.1,5.77,7.3
13-09-2019,28.1,7,2.3,80.1,59,78.8,5.69,7.6
14-09-2019,28,7.9,2,80.3,59.1,78.9,5.7,7
15-09-2019,28.3,7.2,2.5,80.6,59.3,78.7,5.58,7.8
16-09-2019,28.9,7.7,2,80.6,59.7,78,5.58,7.3
17-09-2019,28.9,7.2,2.6,80.5,59.4,78.1,5.34,7.9
18-09-2019,28.2,7.4,2.7,80.8,59.3,78.9,5.69,7.6
19-09-2019,28.5,7.1,2.5,80.1,59,78.8,5.31,7.6
20-09-2019,28.4,7.5,2.7,80.6,59.1,78.3,5.87,7.2
21-09-2019,28.8,7.9,2.8,80.1,59,78,5.34,7.8
22-09-2019,28.9,7.1,2.5,80.9,59.3,78.1,5.94,7.7
23-09-2019,28.5,7.5,2.9,80.4,59.3,78.2,5.27,7.3
24-09-2019,28.5,7.6,2.3,80,59.3,78.9,5.83,7.9
25-09-2019,28.6,7.8,2.7,80.3,59.4,78.1,5.35,7.6
26-09-2019,28.2,7.5,2.7,80.2,59,78,5.84,7.5
27-09-2019,28,7.2,2.5,80.7,59.6,78.1,5.32,7.5
28-09-2019,28.2,7.1,2.3,80.3,59.8,78,5.85,7.5
29-09-2019,28.6,7.7,2.7,80.4,59.1,78.8,5.41,7
30-09-2019,28.1,7.4,2.4,80.9,59.6,78.6,5.8,7
01-10-2019,27.2,7.6,1.3,82,59.8,79.3,5.1,7.2
02-10-2019,27.1,7,1,82.2,59.4,79.5,5.2,7.5
03-10-2019,27.9,7.8,1.2,82.1,59.4,79.7,5,7.3
04-10-2019,27.2,7.2,1.8,82.4,59.9,79.9,5.8,7.5
05-10-2019,27.5,7.6,1.3,82.6,59.5,79.6,5.5,7.3
06-10-2019,27,7.3,1.3,82.7,59.3,79.9,5.7,7.4
07-10-2019,27,7.3,1.7,82.9,59.8,79.8,5.6,7.1
08-10-2019,27.6,7.3,1.5,82.4,59.9,79.2,5.6,7.6
09-10-2019,27,7.7,1,82.3,59.9,79.6,5.7,7.1
10-10-2019,27.2,7.6,1.4,82.4,59.7,79.9,5.1,7.1
11-10-2019,27,7.3,1.9,82.9,59.8,79.5,5.1,7.2
12-10-2019,27.9,7.6,1.8,82.6,59.3,79.7,5.2,7.7
13-10-2019,27.7,7.5,1.9,82.5,59.8,79.1,5.7,7.7
14-10-2019,27.8,7.2,1.2,82.3,59.3,79.1,5.1,7.3
15-10-2019,27.7,7.2,1,82.6,59.9,79.9,5.7,7.5
16-10-2019,27,7,1.4,82.9,59.6,79.9,5.2,7.7
17-10-2019,27,7,1.5,82,59,79,5.4,7.1
18-10-2019,27,7.5,1,82.9,59.6,79.7,5.4,7.2
19-10-2019,27.8,7.2,1.4,82.8,59.1,79.7,5,7.4
20-10-2019,27.4,7,1.3,82,59.6,79.3,5.9,7.8
21-10-2019,27,7.6,1.1,82.8,59.1,79,5.1,7.5
22-10-2019,27.3,7.1,1.4,82.6,59.8,79.7,5.7,7.7
23-10-2019,27.4,7.5,1.2,82,59.2,79,5,7.5
24-10-2019,27,7.8,1.8,82,59.1,79.7,5.8,7.4
25-10-2019,27.2,7.3,1.3,82.3,59,79.3,5.4,7.6
26-10-2019,27,7.9,1.9,82.8,59.4,79.3,5,7.9
27-10-2019,27.1,7.4,1.8,82.2,59.7,79.7,5.7,7.3
28-10-2019,27.2,7.8,1.4,82.6,59.5,79.4,5.3,7.9
29-10-2019,27.1,7,1.9,82.9,59.6,79.3,5.4,7.6
30-10-2019,27.3,7.1,1.7,82.8,59.4,79.9,5.4,7.2
31-10-2019,27.1,7.7,1.7,82.8,59.1,79.4,5.3,7.6
01-11-2019,27.2,8.3,7.1,28.1,60.8,27.6,6.7,7.5
02-11-2019,27.2,8.6,7.8,28.5,60,27.5,6.7,7.1
03-11-2019,27.9,8,7.5,28.3,60.9,27,6.8,7.4
04-11-2019,27.8,8,7.6,28.7,60.4,27.6,6.5,7.4
05-11-2019,27.4,8.4,7,28.4,60.2,27.8,6.2,7
06-11-2019,27.5,8.9,7.9,28.2,60.8,27.9,6.3,7.6
07-11-2019,27.1,8.5,7.7,28.1,60,27,6.7,7.5
08-11-2019,27.4,8.1,7.9,28.6,60.6,27.1,6.5,7.7
09-11-2019,27.9,8.7,7.6,28,60.4,27.1,6.7,7.3
10-11-2019,27.1,8.6,7.4,28.1,60.5,27.8,6.2,7.7
11-11-2019,27.7,8.8,7.9,28.9,60.9,27.4,6.7,7.2
12-11-2019,27.3,8.5,7.3,28.5,60.8,27.8,6.2,7.5
13-11-2019,27.2,8.6,7.7,28.7,60,27.1,6.5,7.4
14-11-2019,27.6,8.5,7,28.6,60.2,27.5,6.4,7.8
15-11-2019,27.8,8.2,7.5,28.7,60.7,27.3,6.1,7.7
16-11-2019,27.8,8.6,7,28.8,60.3,27.7,6.6,7.5
17-11-2019,27.1,8.3,7.9,28.3,60.8,27.5,6.7,7
18-11-2019,27.7,8.2,7.8,28.5,60.5,27.1,6.4,7
19-11-2019,27.5,8.9,7.1,28,60.1,27.2,6.6,7.3
20-11-2019,27.5,8.5,7.5,28.6,60.8,27.4,6.5,7.3
21-11-2019,27.5,8.5,7,28.6,60.1,27,6.4,7.1
22-11-2019,27.1,8.3,7.7,28.7,60.3,27.9,6.4,7.5
23-11-2019,27.3,8.6,7,28.1,60.8,27.2,6,7.9
24-11-2019,27.2,8.8,7.4,28.2,60,27.6,6.8,7
25-11-2019,27.8,8.6,7.1,28.5,60.3,27.2,6.5,7
26-11-2019,27,8.8,7,28.3,60.9,27,6,7.7
27-11-2019,27,8.2,7.2,28,60,27,6,7
28-11-2019,27.9,8.8,7.9,28.9,60.4,27.5,6.5,7.4
29-11-2019,27.9,8.9,7.5,28.4,60.8,27.1,6.3,7.4
30-11-2019,27.5,8,7.7,28.3,60.2,27.6,6.9,7.9
01-12-2019,27.7,8,5.7,44.7,72.4,59.3,10.5,12.7
02-12-2019,27.8,8.8,5.4,44.9,72.7,59.2,10.4,12.5
03-12-2019,27.5,8.6,5.3,44.3,72.4,59.2,10.1,12.5
04-12-2019,27,8.7,5.6,44,72.4,59.4,10.4,12.1
05-12-2019,27.5,8.2,5.8,44.8,72.3,59,10.6,12
06-12-2019,27,8.3,5.8,44.4,72.6,59.7,10.8,12.4
07-12-2019,27.6,8.2,5,44.4,72.8,59.8,10.7,12.2
08-12-2019,27.7,8.7,5.6,44.6,72.5,59.4,10,12.9
09-12-2019,27,8.7,5,44.2,72.1,59.3,10.2,12.7
10-12-2019,27.7,8.8,5.9,44.2,72.8,59.1,10.2,12.1
11-12-2019,27.5,8.6,5.5,44.4,72.3,59.2,10.8,12.4
12-12-2019,27.1,8.9,5.2,44.6,72.4,59.1,10.1,12.8
13-12-2019,27.5,8.7,5.6,44.8,72.7,59,10.6,12.1
14-12-2019,27.9,8.3,5.2,44.1,72.2,59.3,10,12.3
15-12-2019,27,8.2,5,44.3,72.9,59.6,10,12.1
16-12-2019,27.9,8.4,5.1,44.8,72.3,59.8,10,12.1
17-12-2019,27.8,8.3,5.1,44.6,72,59.1,10.3,12.1
18-12-2019,27.8,8.8,5.4,44.2,72.7,59.9,10.6,12.4
19-12-2019,27,8.3,5,44.1,72,59,10.6,12.1
20-12-2019,27.6,8.5,5.5,44.4,72.8,59.4,10.9,12.1
21-12-2019,27.6,8,5.2,44.5,72.8,59.2,10.8,12.3
22-12-2019,27.7,8.7,5.2,44.5,72.7,59.3,10.8,12.9
23-12-2019,27,8.2,5.6,44,72,59,10,12
24-12-2019,27.1,8.1,5.2,44.6,72.1,59.6,10.2,12.8
25-12-2019,27.8,8.9,5.4,44,72,59.9,10.5,12.8
26-12-2019,27,8.4,5.3,44.1,72,59.1,10.6,12.8
27-12-2019,27.5,8.1,5,44.6,72.5,59.7,10.7,12.7
28-12-2019,27.3,8.4,5.9,44,72.4,59.7,10.5,12.4
29-12-2019,27.9,8.2,5.3,44.9,72.3,59.8,10.2,12.5
30-12-2019,27,8.6,5.7,44.7,72.1,59,10,12.1
31-12-2019,27.6,8.7,5,44.3,72.2,59.5,10.3,12.4
01-01-2020,27.2,7.9,4.5,60.1,64.6,64.7,18.9,12.3
02-01-2020,27.2,7.2,4.8,60.8,64.8,64.7,18.1,12.1
03-01-2020,27.7,7,4.4,60.6,64.2,64.2,18.1,12.5
04-01-2020,27,7.3,4.9,60,64.1,64.4,18.4,12.6
05-01-2020,27.8,7.4,4.8,60.4,64.1,64.4,18.4,12.6
06-01-2020,27.4,7.9,4.6,60.3,64.9,64.1,18.1,12.6
07-01-2020,27.9,7,4.4,60.2,64.3,64.6,18.9,12.3
08-01-2020,27,7.6,4.5,60.7,64.8,64,18.8,12.5
09-01-2020,27.7,7.6,4.9,60.6,64.3,64.6,18,12.6
10-01-2020,27.9,7.1,4,60.4,64.3,64.3,18,12.8
11-01-2020,27.5,7.4,4.3,60.3,64.2,64,18.7,12.3
12-01-2020,27.9,7.4,4.3,60.5,64.5,64,18,12.8
13-01-2020,27.3,7,4.3,60.7,64.6,64.3,18.1,12.7
14-01-2020,27.4,7.7,4.4,60,64.7,64.4,18.3,12.5
15-01-2020,27.3,7.9,4,60.8,64.3,64.4,18,12.3
16-01-2020,27.3,7.5,4.8,60.7,64.1,64.6,18.4,12.7
17-01-2020,27,7.1,4.8,60.4,64.5,64.3,18.5,12.1
18-01-2020,27.5,7,4.8,60,64.6,64.3,18.1,12.9
19-01-2020,27.9,7.2,4.4,60.9,64,64.4,18.8,12.2
20-01-2020,27.5,7.9,4,60.1,64.8,64.6,18.6,12.5
21-01-2020,27.4,7,4.3,60.9,64.3,64.5,18,12.6
22-01-2020,27.8,7.5,4.6,60.1,64.2,64.7,18.8,12.5
23-01-2020,27.8,7.4,4.3,60.4,64.5,64.2,18,12.5
24-01-2020,27.4,7,4,60.6,64.6,64.2,18.1,12.8
25-01-2020,27.2,7.3,4,60.6,64.9,64.7,18.3,12.2
26-01-2020,27.8,7,4.3,60.3,64.6,64.7,18,12.9
27-01-2020,27.6,7.6,4.2,60.4,64.5,64.3,18.5,12.8
28-01-2020,27.1,7.9,4.3,60.9,64.7,64.7,18.9,12.7
29-01-2020,27,7,4.1,60,64,64,18,12
30-01-2020,27.6,7.8,4.6,60.4,64.1,64.4,18.6,12.9
31-01-2020,27.6,7.2,4.4,60.3,64.9,64.2,18.1,12.7
01-02-2020,27.8,7.1,7.1,32,76.9,69.7,20.41,7.6
02-02-2020,27.9,7.5,7.2,32.7,76.9,69.7,20.2,7
03-02-2020,27.6,7.3,7.6,32.6,76.1,69.9,20.46,7
04-02-2020,27.4,7,7.1,32.3,76.7,69.3,20.98,7.6
05-02-2020,27.5,7.4,7.2,32.6,76.4,69.9,20.7,7.9
06-02-2020,27.2,7,7.5,32.4,76,69.5,20.28,7.8
07-02-2020,27.7,7.2,7.9,32.6,76.8,69,20.61,7.6
08-02-2020,27,7.4,7.4,32.3,76.4,69.9,20.19,7.7
09-02-2020,27.9,7.5,7.7,32.4,76.3,69.2,20.67,7.9
10-02-2020,27.5,7.8,7,32.7,76.7,69.6,20.89,7.2
11-02-2020,27.3,7.3,7.9,32.4,76.5,69.1,20.45,7.5
12-02-2020,27.5,7.4,7.4,32.9,76.6,69.4,20.79,7.6
13-02-2020,27,7,7,32,76,69,20.23,7
14-02-2020,27.4,7,7,32.1,76.5,69.1,20.37,7.8
15-02-2020,27.3,7.6,7.4,32.4,76.4,69.9,20.28,7.9
16-02-2020,27.2,7.6,7.9,32.5,76.5,69.2,20.2,7
17-02-2020,27.6,7.6,7.2,32.8,76.3,69.3,20.89,7.4
18-02-2020,27.4,7.7,7.7,32.6,76.5,69.4,20.43,7.9
19-02-2020,27.9,7.5,7.9,32.5,76.9,69.6,20.13,7.7
20-02-2020,27,7.2,7.2,32,76.7,69.5,20.97,7.4
21-02-2020,27.6,7,7.5,32.7,76.9,69.4,20.56,7.6
22-02-2020,27.2,7.2,7.4,32.1,76.2,69.4,20.4,7.6
23-02-2020,27.5,7.5,7,32.9,76.2,69.4,20.96,7.9
24-02-2020,27.5,7.7,7.2,32.8,76.1,69.5,20.82,7.2
25-02-2020,27.3,7,7.3,32.1,76.8,69.5,20.62,7.4
26-02-2020,27,7.6,7.5,32,76.4,69,20.22,7.4
27-02-2020,27.7,7.1,7.6,32.6,76.7,69,20.48,7.8
28-02-2020,27.5,7.1,7.3,32.3,76.4,69.5,20.2,7
29-02-2020,27.8,7.5,7.6,32.3,76.6,69.3,20.75,7.6
01-03-2020,27,7.7,7.6,46,82,76.5,13.62,12.5
02-03-2020,27.5,7.9,7.1,46.1,82.4,76.9,13.96,12.3
03-03-2020,27.4,7.5,7.5,46.7,82.1,76.3,13.3,12.9
04-03-2020,27.6,7.8,7.3,46,82.2,76.9,13.55,12.7
05-03-2020,27.5,7.9,7.3,46.2,82.8,76.2,13.54,12.1
06-03-2020,27,7.3,7.2,46.2,82.5,76.4,13.19,12.4
07-03-2020,27.2,7.4,7.7,46.3,82.4,76.3,13.22,12.5
08-03-2020,27.3,7.8,7.2,46.9,82.9,76.5,13.13,12.9
09-03-2020,27.7,7.9,7.3,46.5,82.1,76.9,13.17,12.3
10-03-2020,27.2,7.3,7.6,46,82.4,76.9,13.12,12.1
11-03-2020,27.8,7.8,7.9,46.3,82.5,76.1,13.33,12.3
12-03-2020,27,7.7,7.4,46.8,82.3,76,13.49,12.3
13-03-2020,27.1,7.6,7.3,46.1,82.3,76,13.18,12.8
14-03-2020,27.4,7.5,7.2,46,82.3,76.1,13.19,12.5
15-03-2020,27.4,7.6,7.5,46.9,82.5,76.9,13.67,12.7
16-03-2020,27.7,7.7,7.5,46.4,82,76.4,13.67,12.3
17-03-2020,27,7.3,7.7,46.2,82.6,76.7,13.15,12.9
18-03-2020,27.2,7.2,7,46,82.1,76.1,13.37,12.4
19-03-2020,27,7.6,7.8,46.7,82.1,76.8,13.42,12.7
20-03-2020,27.2,7.8,7.4,46.7,82.2,76.8,13.9,12.7
21-03-2020,27.4,7.3,7.9,46.6,82.4,76.9,13.36,12.9
22-03-2020,27,7.9,7.1,46.9,82.2,76.1,13.27,12.9
23-03-2020,27,7,7.9,46.3,82.1,76.2,13.18,12.9
24-03-2020,27.2,7.1,7.2,46.9,82.9,76.4,13.4,12.4
25-03-2020,27.1,7.8,7.2,46.1,82.3,76.3,13.82,12
26-03-2020,27.9,7.4,7.7,46.1,82.6,76.4,13.8,12.1
27-03-2020,27.1,7.1,7.1,46.8,82,76,13.27,12.7
28-03-2020,27.5,7,7.9,46,82.9,76.3,13.59,12.2
29-03-2020,27.8,7.9,7.1,46.5,82.2,76.3,13.99,12.2
30-03-2020,27.8,7.4,7.3,46.4,82.4,76,13,12.2
31-03-2020,27.1,7.2,7,46.4,82.7,76.6,13.45,12.5
01-04-2020,27.8,8.1,8.4,60.3,88.6,84.6,7.4,18.2
02-04-2020,27.8,8.2,8.6,60,88.2,84.5,7.2,18.6
03-04-2020,27.8,8.1,8.3,60.7,88.7,84.4,7.6,18.7
04-04-2020,27.1,8.2,8.2,60.5,88.7,84.7,7.6,18.8
05-04-2020,27.4,8.6,8,60.2,88.9,84.2,7.6,18.3
06-04-2020,27,8.1,8.1,60.6,88.2,84,7.4,18.2
07-04-2020,27.5,8.2,8.8,60.2,88.1,84,7.4,18.3
08-04-2020,27.3,8.2,8.7,60.7,88,84.4,7.7,18.9
09-04-2020,27.8,8.1,8.5,60,88.2,84,7.8,18.6
10-04-2020,27.2,8.3,8.6,60.9,88.8,84.7,7.5,18.2
11-04-2020,27.7,8.6,8.2,60,88.3,84.5,7.1,18.7
12-04-2020,27,8.3,8,60.5,88.2,84.1,7,18.9
13-04-2020,27.9,8.5,8,60.3,88.2,84.8,7.1,18.4
14-04-2020,27.8,8.1,8.6,60.8,88.3,84.5,7.9,18.9
15-04-2020,27.1,8.2,8,60.4,88,84.7,7.3,18.1
16-04-2020,27.2,8.4,8.1,60.6,88.4,84.6,7.2,18.7
17-04-2020,27.2,8.8,8.1,60.6,88.8,84,7.3,18.8
18-04-2020,27.2,8.2,8.2,60.7,88.7,84.8,7.4,18.9
19-04-2020,27.9,8.4,8.7,60.3,88.8,84.5,7.2,18
20-04-2020,27.9,8.9,8.2,60.9,88.5,84.1,7.2,18.3
21-04-2020,27,8.7,8.9,60.3,88.7,84.3,7,18.1
22-04-2020,27,8.3,8.5,60,88,84,7,18
23-04-2020,27.2,8.5,8.6,60.1,88.6,84.1,7.9,18.4
24-04-2020,27.4,8.6,8.8,60.1,88.7,84.7,7.1,18.1
25-04-2020,27.8,8.9,8.5,60.1,88.5,84.6,7.1,18.7
26-04-2020,27.4,8.6,8.4,60.6,88.9,84.3,7.2,18.7
27-04-2020,27.3,8.2,8.8,60.8,88.9,84.4,7.1,18.9
28-04-2020,27,8.3,8.1,60.1,88.8,84,7.8,18.4
29-04-2020,27.6,8.1,8.6,60.7,88.9,84.8,7.2,18.3
30-04-2020,27.1,8,8.9,60,88.7,84.8,7.2,18.9
01-05-2020,27.8,8.12,4.4,52,99.7,69.2,21.79,34.5
02-05-2020,27.8,8.98,4.6,52.6,99.3,69.5,21.43,34.4
03-05-2020,27.2,8.59,4.6,52.8,99.8,69.1,21.83,34.9
04-05-2020,27.8,8.61,4.9,52.9,99.3,69.2,21.88,34
05-05-2020,27.8,8.32,4.8,52.5,99.1,69.7,21.77,34.2
06-05-2020,27.6,8.95,4.5,52.4,99,69.7,21.56,34.7
07-05-2020,27.6,8.88,4.8,52.6,99.5,69,21.64,34.1
08-05-2020,27.2,8.1,4.6,52,99.3,69.1,21.84,34.5
09-05-2020,27.9,8.42,4.7,52,99.5,69.6,21.71,34.5
10-05-2020,27.6,8.13,4.8,52.3,99.9,69.9,21.8,34.7
11-05-2020,27.9,8.8,4,52.8,99.8,69.9,21.68,34.8
12-05-2020,27.4,8.51,4.8,52.4,99,69.7,21.18,34.7
13-05-2020,27.1,8.85,4.6,52.6,99.5,69.7,21.37,34.1
14-05-2020,27.7,8.9,4.3,52.3,99.7,69,21.9,34.8
15-05-2020,27.5,8.64,4.4,52.5,99,69.8,21.53,34
16-05-2020,27,8.57,4.5,52.6,99.1,69.4,21.81,34.9
17-05-2020,27.1,8.8,4.4,52.5,99.4,69.4,21.59,34.9
18-05-2020,27.5,8.4,4.3,52.4,99.8,69.5,21.61,34.2
19-05-2020,27,8.17,4.3,52,100,69,21.41,34
20-05-2020,27,8.4,4,52.3,99.1,69.1,21.2,34.5
21-05-2020,27.4,8.69,4.7,52.3,99.8,69.2,21.41,34.8
22-05-2020,27,8.97,4.4,52.5,99.5,69.7,21.96,34.7
23-05-2020,27.2,8.93,4.3,52.3,99.4,69.8,21.89,34.8
24-05-2020,27.6,8.62,4,52.6,99.5,69.3,21.1,34.9
25-05-2020,27.6,8.5,4.1,52.1,99.7,69.7,21.61,34.2
26-05-2020,27.4,8.24,4.7,52.3,99.7,69.7,21.4,34.9
27-05-2020,27.2,8.32,4.3,52.1,99.7,69.8,21.8,34.4
28-05-2020,27.4,8.67,4,52.4,99,69.5,21.14,34.8
29-05-2020,27.1,8.9,4.5,52.6,99.6,69.8,21.3,34.5
30-05-2020,27.7,8.87,4.9,52.4,99.9,69.4,21.57,34.6
31-05-2020,27,8.74,4.6,52.2,99.9,69.3,21.92,34.2
01-06-2020,27.7,8.8,3,26.2,72.3,69.3,12.8,8.3
02-06-2020,27.6,8.1,3.8,26.3,72.7,69.2,12.6,8.4
03-06-2020,27.3,8.3,3.3,26.3,72.2,69.7,12.2,8.3
04-06-2020,27.1,8.4,3.6,26.4,72.6,69.1,12.5,8.4
05-06-2020,27.3,8.3,3.4,26.7,72.8,69.4,12.7,8.9
06-06-2020,27.3,8.4,3.1,26.9,72.3,69.8,12.2,8.8
07-06-2020,27.5,8.3,3.7,26,72.2,69.3,12.1,8.3
08-06-2020,27.3,8.7,3.7,26.9,72.4,69.8,12.6,8.6
09-06-2020,27.7,8.4,3.6,26.3,72.7,69.3,12.3,8
10-06-2020,27,8.7,3.4,26.3,72.1,69.8,12.3,8.8
11-06-2020,27.2,8.3,3.2,26.9,72.5,69.2,12.9,8.3
12-06-2020,27.8,8,3.5,26.4,72.8,69.4,12.9,8.3
13-06-2020,27.5,8.7,3.7,26.4,72.3,69.5,12.7,8.6
14-06-2020,27.4,8,3.7,26.3,72.5,69.3,12.1,8.1
15-06-2020,27.6,8.2,3.9,26.5,72.1,69.3,12.6,8.9
16-06-2020,27.5,8.5,3.9,26.9,72.9,69.3,12.6,8.3
17-06-2020,27.3,8.7,3.3,26.1,72.2,69.5,12.6,8.9
18-06-2020,27,8.5,3.4,26,72,69,12,8.4
19-06-2020,27.5,8.3,3.3,26.2,72.4,69.5,12.8,8.8
20-06-2020,27.5,8.3,3.8,26,72.8,69.3,12.2,8.1
21-06-2020,27.9,8.1,3.8,26.2,72.6,69.4,12.7,8.7
22-06-2020,27.1,8.9,3.5,26,72.4,69.1,12.2,8.1
23-06-2020,27,8,3.6,26,72.3,69.1,12.4,8.9
24-06-2020,27.2,8.7,3,26.2,72.8,69.2,12.4,8.7
25-06-2020,27,8.6,3.6,26.8,72.7,69.1,12,8.2
26-06-2020,27.1,8.5,3.8,26.9,72.9,69.9,12.2,8.3
27-06-2020,27.1,8,3.4,26.3,72.6,69,12.9,8.6
28-06-2020,27.3,8.1,3.6,26,72.7,69.8,12.5,8.6
29-06-2020,27.3,8.7,3.8,26.3,72.6,69.1,12.7,8.2
30-06-2020,27.8,8.9,3.1,26,72.8,69.1,12.1,8.8
01-07-2020,27.3,7.1,3.1,36.8,73.9,47.6,4.8,12.4
02-07-2020,27.2,7.5,3,36.7,73.4,47.7,4.5,12.4
03-07-2020,27.9,7,3.8,36.8,73.2,47.9,4.2,12.4
04-07-2020,27.1,7.6,3.1,36.9,73.2,47,4.1,12.8
05-07-2020,27.6,7.3,3,36.8,73.6,47.1,4.6,12.2
06-07-2020,27.3,7.6,3.2,36.9,73.1,47.8,4,12.6
07-07-2020,27.4,7.3,3.5,36.2,73,47.9,4.8,12.7
08-07-2020,27.8,7.3,3.2,36.5,73.5,47.1,4,12.8
09-07-2020,27.6,7.6,3.5,36.9,73.4,47,4,12.9
10-07-2020,27.4,7.8,3.9,36.9,73.4,47.3,4.6,12.8
11-07-2020,27.7,7.4,3.9,36.6,73.6,47.8,4,12.3
12-07-2020,27.9,7.4,3.5,36,73.1,47.5,4.7,12.8
13-07-2020,27.3,7.8,3.3,36.7,73.9,47.9,4.1,12.2
14-07-2020,27,7,3.7,36,73,47,4,12
15-07-2020,27,7.3,3.3,36.9,73.3,47.6,4.3,12.2
16-07-2020,27.7,7.9,3.7,36.3,73.8,47.9,4.1,12
17-07-2020,27.8,7.1,3.9,36,73.6,47.8,4.9,12.5
18-07-2020,27.5,7.8,3.6,36,73.8,47.6,4.7,12.4
19-07-2020,27.4,7.2,3,36.4,73.6,47.6,4.2,12.7
20-07-2020,27.5,7.6,3.2,36.6,73.2,47.5,4.1,12.8
21-07-2020,27,7.5,3.4,36.2,73.7,47.5,4.4,12.9
22-07-2020,27.3,7.5,3.6,36.9,73.8,47.6,4.2,12.1
23-07-2020,27.1,7.4,3.6,36.4,73.8,47.2,4.2,12.1
24-07-2020,27.9,7.2,3,36.3,73.5,47.2,4.2,12.3
25-07-2020,27.8,7.3,3.1,36.6,73.3,47.6,4.2,12.2
26-07-2020,27.8,7.9,3.3,36.3,73.2,47.4,4.8,12.7
27-07-2020,27.7,7.2,3.7,36.3,73.2,47.9,4.4,12.5
28-07-2020,27.3,7.8,3.7,36,73.7,47.2,4.6,12.9
29-07-2020,27.3,7.8,3.8,36.7,73.9,47.1,4.8,12.7
30-07-2020,27.4,7.8,3.1,36.3,73.9,47.9,4.7,12.4
31-07-2020,27.8,7,3.4,36.5,73.2,47.8,4.4,12.8
01-08-2020,27.2,9.63,4.5,36.2,64.3,65,20.6,10.8
02-08-2020,27.9,9.23,4.6,36.7,64.2,65.3,20.7,10.9
03-08-2020,27.7,9.52,4,36.1,64.4,65.2,20,10.8
04-08-2020,27.7,9.12,4.7,36.2,64.2,65,20.1,10.9
05-08-2020,27.5,9.89,4.9,36,64.4,65.6,20.8,10.2
06-08-2020,27.3,9.94,4.4,36.1,64,65.7,20.7,10.2
07-08-2020,27.4,9.54,4.4,36.6,64.7,65.3,20,10.4
08-08-2020,27.5,9.66,4.4,36.3,64.5,65.4,20.2,10
09-08-2020,27.5,9.54,4.4,36.2,64.2,65,20.4,10.6
10-08-2020,27.6,9.4,4.9,36.5,64.2,65.6,20.3,10.5
11-08-2020,27.6,9.51,4.3,36.9,64.7,65.7,20.7,10.6
12-08-2020,27.3,9.19,4,36,64.6,65.2,20,10.4
13-08-2020,27.9,9.22,4.9,36.9,64.8,65.2,20.4,10.3
14-08-2020,27.8,9.5,4.1,36.5,64.7,65.7,20.7,10.5
15-08-2020,27.9,9.26,4.7,36.1,64.5,65.5,20.9,10.3
16-08-2020,27.5,9.85,4.4,36,64.1,65.8,20.2,10.2
17-08-2020,27,9.26,4.5,36,64,65,20,10
18-08-2020,27.3,9.16,4.1,36.8,64.4,65.3,20.3,10.6
19-08-2020,27.7,9.44,4.5,36.5,64.4,65,20.2,10
20-08-2020,27.5,9.52,4.1,36.5,64.1,65.6,20.3,10.3
21-08-2020,27.5,9.93,4.9,36.8,64.8,65.7,20.8,10.7
22-08-2020,27.2,9.7,4.2,36.5,64.6,65,20.5,10.1
23-08-2020,27.7,9.52,4,36.5,64.8,65,20.9,10.5
24-08-2020,27.5,9.91,4,36,64,65.3,20.7,10.3
25-08-2020,27.8,9.5,4,36.7,64.3,65.3,20.3,10.8
26-08-2020,27.8,9.56,4.1,36,64.2,65.3,20.9,10.9
27-08-2020,27.9,9.4,4.8,36.9,64.3,65.3,20.5,10.8
28-08-2020,27.3,9.74,4.5,36.9,64.8,65.4,20.7,10.2
29-08-2020,27.4,9.47,4.3,36.6,64.8,65.4,20.8,10.8
30-08-2020,27.4,9.88,4.2,36.2,64,65.8,20.1,10.8
31-08-2020,27.7,9.1,4.9,36.5,64.8,65,20.3,10.5
01-09-2020,27.6,7.2,6.2,40.7,36.9,49,4.2,10.8
02-09-2020,27,7,6.5,40,36,49,4,10
03-09-2020,27.8,7.2,6.2,40.9,36.4,49.1,4.3,10.4
04-09-2020,27.3,7.5,6,40.8,36.1,49,4.1,10.8
05-09-2020,27.1,7.1,6.7,40.2,36.9,49.2,4.7,10.1
06-09-2020,27.7,7.3,6.8,40.8,36.2,49.7,4.4,10.6
07-09-2020,27.5,7.1,6.2,40.5,36.1,49,4.9,10.1
08-09-2020,27.1,7.6,6.8,40.9,36.5,49.7,4.9,10.3
09-09-2020,27.3,7.2,6.3,40.4,36.2,49.3,4.6,10.9
10-09-2020,27.7,7.1,6.7,40.1,36.5,49.8,4.4,10.1
11-09-2020,27.4,7.5,6.9,40.7,36.8,49.9,4.3,10.6
12-09-2020,27.6,7.2,6.8,40.7,36,49.6,4.4,10.4
13-09-2020,27,7.4,6.2,40.9,36.6,49.4,4.7,10.2
14-09-2020,27.9,7.4,6.4,40,36.6,49.9,4.4,10.2
15-09-2020,27.2,7,6.2,40.9,36.6,49.5,4.4,10.2
16-09-2020,27.4,7.7,6.8,40.5,36.9,49.2,4.7,10
17-09-2020,27.2,7.2,6.1,40,36.3,49,4.9,10.5
18-09-2020,27.4,7.9,6.1,40.5,36.5,49.4,4.3,10
19-09-2020,27.6,7.4,6,40.5,36.6,49.9,4.7,10.4
20-09-2020,27.2,7.8,6.4,40.5,36.5,49.2,4.1,10.9
21-09-2020,27.6,7.3,6.9,40.3,36.3,49.1,4.4,10.5
22-09-2020,27.2,7.4,6,40.2,36.7,49.8,4.1,10.7
23-09-2020,27.3,7.9,6.3,40.4,36.9,49.9,4.3,10.8
24-09-2020,27,7.2,6.7,40.9,36.9,49.5,4.7,10
25-09-2020,27.4,7.4,6.8,40.9,36.3,49,4.7,10.7
26-09-2020,27.1,7.5,6.2,40.1,36.3,49.5,4.4,10.4
27-09-2020,27,7.9,6.6,40.5,36.4,49.6,4.9,10.6
28-09-2020,27.8,7.5,6,40.9,36.2,49.7,4.5,10.3
29-09-2020,27.3,7.7,6.6,40.5,36.5,49,4.4,10.5
30-09-2020,27.2,7.1,6.7,40.8,36.1,49.1,4.4,10.9
01-10-2020,27.8,7.2,6.1,34.8,56.8,47.6,6.3,10.8
02-10-2020,27.2,7.4,6.9,34.5,56,47.6,6.7,10.2
03-10-2020,27.8,7.3,6.5,34.9,56,47.2,6,10.3
04-10-2020,27.3,7.5,6.3,34.4,56.4,47.3,6.3,10.1
05-10-2020,27.4,7.1,6.1,34.3,56.8,47.5,6.1,10.9
06-10-2020,27.2,7.3,6.5,34.6,56.8,47.7,6,10.9
07-10-2020,27.4,7.6,6.8,34.5,56.8,47.2,6.6,10.1
08-10-2020,27,7.1,6.2,34,56.8,47.8,6.9,10.2
09-10-2020,27.5,7.3,6.8,34,56.3,47.5,6.2,10
10-10-2020,27.4,7.8,6,34.1,56.4,47.9,6.4,10.3
11-10-2020,27.8,7.5,6.7,34.3,56.3,47.7,6.8,10.4
12-10-2020,27.7,7.1,6.4,34.5,56.5,47.7,6.6,10.3
13-10-2020,27.4,7.9,6.3,34,56.5,47.9,6,10.2
14-10-2020,27.9,7.8,6.4,34.9,56.8,47.5,6.9,10.2
15-10-2020,27.2,7,6.1,34.7,56.3,47.2,6.4,10.5
16-10-2020,27.7,7.6,6.2,34.8,56.5,47,6,10.4
17-10-2020,27,7.6,6.7,34,56.5,47.5,6,10
18-10-2020,27.9,7.6,6.5,34.7,56.2,47.1,6.5,10.1
19-10-2020,27.2,7.5,6.7,34.7,56.9,47.1,6.7,10.7
20-10-2020,27.4,7.8,6,34.7,56,47.7,6.5,10.8
21-10-2020,27.2,7.3,6.3,34.3,56.4,47.8,6.7,10.8
22-10-2020,27.3,7.5,6.5,34.7,56.6,47.9,6,10.6
23-10-2020,27.4,7.6,6.4,34.2,56.9,47.6,6.8,10.1
24-10-2020,27.7,7.7,6.6,34.8,56.4,47.2,6,10.5
25-10-2020,27,7.4,6.3,34.6,56.2,47.3,6.4,10.2
26-10-2020,27.4,7.3,6.1,34.4,56.9,47.9,6,10.7
27-10-2020,27,7,6.4,34.9,56.5,47.6,6.6,10.5
28-10-2020,27.1,7.8,6.9,34.7,56.9,47.4,6.3,10.4
29-10-2020,27.4,7.6,6.7,34,56,47.3,6.8,10.3
30-10-2020,27.1,7.8,6.5,34,56,47.7,6.1,10.6
31-10-2020,27.7,7.2,6.5,34.4,56.2,47.9,6.5,10
01-11-2020,27.3,8,6.4,31.5,66.1,46.26,7.1,10.4
02-11-2020,27.7,8.5,6.4,31.6,66.8,46.52,7.3,10.1
03-11-2020,27.7,8.9,6.7,31.1,66.5,46.78,7.8,10.6
04-11-2020,27.7,8.4,6.7,31.5,66.6,46.1,7.9,10.8
05-11-2020,27.2,8.9,6.7,31.4,66.6,46.55,7.5,10.8
06-11-2020,27.6,8.2,6.9,31.3,66.5,46.54,7.1,10.6
07-11-2020,27.6,8.4,6.7,31.7,66.2,46.32,7.9,10.8
08-11-2020,27.9,8.2,6.3,31.4,66,46.16,7.1,10.1
09-11-2020,27.6,8.6,6.4,31.1,66.2,46.54,7.8,10.2
10-11-2020,27.1,8.5,6.8,31.2,66,46.16,7.3,10.1
11-11-2020,27.7,8.5,6.2,31.2,66.9,46.2,7.3,10.3
12-11-2020,27.8,8.6,6.1,31.9,66.7,46.61,7.2,10.5
13-11-2020,27.7,8.1,6,31.8,66.8,46.5,7.2,10.1
14-11-2020,27.3,8.4,6.9,31.2,66.4,46.29,7,10
15-11-2020,27.4,8.8,6.6,31.1,66,46.99,7,10.5
16-11-2020,27.4,8.6,6.3,31.9,66.5,46.99,7.1,10.9
17-11-2020,27.2,8.4,6.4,31.7,66.2,46.15,7.7,10.1
18-11-2020,27,8.3,6.6,31.4,66.5,46.85,7.5,10.6
19-11-2020,27.4,8.1,6.9,31.8,66.8,46.56,7.2,10.6
20-11-2020,27.6,8.7,6.8,31.4,66.5,46.76,7.5,10.2
21-11-2020,27.5,8.6,6.4,31.2,66.2,46.96,7.6,10.9
22-11-2020,27,8.2,6.9,31,66.2,46.3,7.9,10.8
23-11-2020,27,8.1,6.2,31.1,66.8,46.76,7,10.3
24-11-2020,27.4,8,6.4,31.9,66.8,46.48,7.7,10.8
25-11-2020,27.1,8.4,6.4,31.2,66.9,46.6,7.4,10.9
26-11-2020,27.6,8,6.4,31.3,66,46.18,7.9,10.7
27-11-2020,27,8.1,6.8,31,66.8,46.75,7,10
28-11-2020,27.3,8.9,6,31.7,66.3,46.24,7.9,10.3
29-11-2020,27.6,8.6,6,31,66,46.23,7,10.6
30-11-2020,27.6,8.8,6.2,31.3,66.3,46.45,7.3,10.6
01-12-2020,25.4,8.5,6.4,28.5,77.6,46.7,8.5,10.2
02-12-2020,25.4,8.6,6.5,28.3,77.3,46.9,8.3,10.3
03-12-2020,25.4,8.5,6.1,28.2,77.7,46.5,8.7,10.1
04-12-2020,25.9,8.8,6.2,28.4,77.7,46.7,8.3,10.5
05-12-2020,25.2,8.2,6.8,28.2,77.5,46.2,8.9,10.5
06-12-2020,25.7,8,6.8,28.5,77.7,46.9,8.7,10.5
07-12-2020,25.8,8.9,6.3,28.9,77.4,46,8.9,10.7
08-12-2020,25.4,8.8,6,28.6,77.8,46.5,8,10.7
09-12-2020,25.6,8.6,6.1,28.9,77.5,46.8,8.2,10.3
10-12-2020,25.8,8.3,6.4,28.6,77.7,46.4,8.3,10
11-12-2020,25.7,8.1,6.6,28.3,77.7,46.2,8.6,10.5
12-12-2020,25.9,8.2,6.7,28.7,77.4,46.2,8.1,10.2
13-12-2020,25.5,8.1,6.6,28.4,77.2,46.5,8.9,10.2
14-12-2020,25.9,8.9,6.8,28.2,77,46.4,8.9,10.2
15-12-2020,25.1,8.8,6.3,28.8,77.5,46.4,8.7,10.6
16-12-2020,25.9,8.4,6.7,28.6,77.3,46.8,8.6,10.5
17-12-2020,25,8.5,6.9,28,77,46,8,10
18-12-2020,25.4,8.9,6.9,28.7,77.5,46.2,8.1,10.9
19-12-2020,25.9,8.6,6.3,28.6,77.2,46.4,8,10.5
20-12-2020,25.3,8.5,6.7,28.3,77.9,46.2,8.8,10.9
21-12-2020,25.3,8.4,6.8,28,77.8,46.6,8.3,10.5
22-12-2020,25.9,8.4,6.4,28,77.7,46.1,8.4,10.2
23-12-2020,25.7,8.3,6,28.4,77.2,46.9,8.8,10.5
24-12-2020,25,8.8,6.8,28.7,77.2,46.6,8.5,10
25-12-2020,25.8,8.6,6.1,28.7,77.9,46.2,8.7,10.7
26-12-2020,25,8.8,6.7,28.4,77,46.3,8.8,10.6
27-12-2020,25.8,8.7,6.7,28.8,77.4,46.6,8.1,10.6
28-12-2020,25.9,8,6.4,28.4,77.7,46.8,8.7,10.2
29-12-2020,25.1,8.8,6.9,28.9,77.1,46.5,8.5,10.4
30-12-2020,25.1,8.4,6.7,28.7,77.3,46.6,8.5,10.9
31-12-2020,25.4,8.1,6.7,28.7,77.3,46.1,8.4,10.1
01-01-2021,25.3,7.4,5.6,52.1,60.7,49.9,14.75,11.37
02-01-2021,25.1,7.6,5.2,52.9,60.2,49.91,14,11.4
03-01-2021,25.3,7.4,5,52.8,60.2,49.75,14.41,11.67
04-01-2021,25,7.3,5.4,52,60,49.05,14.87,11.22
05-01-2021,25.2,7.5,5.6,52.5,60.2,49.68,14.55,11.9
06-01-2021,25.2,7.9,5.1,52.2,60.9,49.88,14.89,11.3
07-01-2021,25.2,7.4,5,52.1,60.5,49.49,14.89,11.35
08-01-2021,25.8,7.7,5.1,52.1,60.9,49.68,14.96,11.41
09-01-2021,25.8,7.3,5.8,52.5,60.3,49.27,14.86,11.81
10-01-2021,25.2,7.7,5.9,52.1,60.6,49.68,14.27,11.67
11-01-2021,25.9,7.8,5.1,52.9,60,49.51,14.81,11.17
12-01-2021,25.3,7,5.3,52.9,60.2,49,14.32,11.96
13-01-2021,25,7.3,5.7,52.5,60.6,49.77,14.76,11.99
14-01-2021,25.1,7.8,5.7,52.4,60.2,49.26,14.93,11.5
15-01-2021,25.6,7.3,5.6,52.7,60.3,49.7,14.98,11.8
16-01-2021,25.1,7.4,5,52.1,60.2,49.42,14.2,11.36
17-01-2021,25.5,7,5.2,52.5,60.6,49.56,14.28,11.41
18-01-2021,25.5,7.1,5.3,52.8,60.9,49.99,14.38,11.89
19-01-2021,25.9,7.9,5.9,52.4,60.4,49.54,14.94,11.95
20-01-2021,25.9,7.4,5.1,52.8,60.1,49.1,14.29,11.82
21-01-2021,25.4,7.4,5.6,52.6,60.6,49.34,14.2,11.29
22-01-2021,25.9,7.8,5.7,52.2,60.7,49.93,14.85,11.15
23-01-2021,25.1,7.5,5.1,52.1,60.1,49.68,14.88,11.44
24-01-2021,25.8,7.5,5.7,52.1,60.2,49.85,14.33,11.78
25-01-2021,25.7,7.8,5.8,52.6,60.1,49.39,14.88,11.66
26-01-2021,25.3,7.1,5.6,52.3,60.8,49.19,14.83,11.37
27-01-2021,25.5,7.1,5.3,52.2,60.7,49.67,14.79,11.27
28-01-2021,25.1,7.2,5.6,52.9,60.6,49.1,14.83,11.5
29-01-2021,25.3,7.1,5.1,52.8,60.8,49.86,14.41,11.6
30-01-2021,25.2,7.1,5.4,52.5,60.9,49.25,14.45,11.79
31-01-2021,25.3,7,5.6,52.4,60,49.37,14.1,11.63
01-02-2021,25,7.8,5,40,40,49,14,10
02-02-2021,25.5,7.4,5.7,40.2,40.7,49.6,14.7,10.7
03-02-2021,25.9,7.8,5.7,40.5,40.1,49,14.5,10.6
04-02-2021,25.6,7.5,5.8,40.6,40.4,49.5,14.3,10.3
05-02-2021,25.8,7.1,5.4,40.7,40.9,49.7,14.6,10.9
06-02-2021,25.3,7,5.1,40.9,40.7,49.3,14,10.8
07-02-2021,25.8,7.8,5.3,40.1,40.6,49.8,14.8,10.3
08-02-2021,25.9,7.8,5.2,40.3,40.4,49.6,14.7,10.9
09-02-2021,25.3,7.9,5.5,40.1,40.5,49,14.1,10.7
10-02-2021,25.2,7.3,5.7,40.7,40.9,49.4,14.7,10.5
11-02-2021,25.5,7.5,5.4,40.4,40.6,49.3,14.8,10
12-02-2021,25.2,7.8,5.6,40.6,40.9,49.1,14.4,10.1
13-02-2021,25,7.3,5.1,40.5,40.5,49.2,14.4,10.9
14-02-2021,25.8,7.8,5,40.8,40.5,49.9,14.1,10
15-02-2021,25.3,7.1,5,40.9,40.4,49.3,14.4,10
16-02-2021,25,7.9,5.2,40.4,40.1,49.9,14.7,10.9
17-02-2021,25.2,7.7,5.3,40.5,40,49.9,14.8,10.9
18-02-2021,25.9,7,5.9,40,40.2,49.2,14,10.4
19-02-2021,25.9,7.2,5.3,40.3,40.5,49.3,14.5,10.3
20-02-2021,25.3,7.5,5.3,40.5,40.8,49.3,14.7,10.6
21-02-2021,25.5,7.4,5.6,40.7,40.5,49.5,14,10.7
22-02-2021,25.9,7.4,5.2,40.9,40.1,49.1,14,10.7
23-02-2021,25.3,7.7,5.1,40.4,40.6,49.1,14.7,10.7
24-02-2021,25.5,7.6,5.8,40.7,40.3,49.5,14.3,10.5
25-02-2021,25.6,7.6,5.1,40.9,40.1,49.3,14.3,10.3
26-02-2021,25.9,7.7,5.7,40.2,40.4,49.2,14.4,10.4
27-02-2021,25.3,7.5,5.9,40.7,40.4,49.3,14.6,10.8
28-02-2021,25.9,7.5,5.7,40.2,40.1,49.5,14.3,10.8
01-03-2021,25,7.9,2,40,60,60,20,9
02-03-2021,25.9,7.4,2.8,40.1,60.1,60.8,20.8,9.4
03-03-2021,25.9,7.7,2.6,40.3,60.7,60.9,20.5,9.3
04-03-2021,25.2,7.9,2.2,40.3,60.4,60.5,20.6,9.2
05-03-2021,25.5,7.9,2.1,40.2,60.5,60.4,20.4,9.7
06-03-2021,25.2,7.5,2.7,40.4,60,60.8,20.5,9.1
07-03-2021,25.5,7.2,2.8,40.4,60.8,60.6,20.3,9.3
08-03-2021,25.8,7.6,2.8,40.3,60.9,60.5,20.7,9.7
09-03-2021,25.4,7.3,2.9,40.7,60.5,60.8,20.7,9
10-03-2021,25.7,7.8,2.7,40.9,60.4,60.4,20.6,9.3
11-03-2021,25.2,7.8,2.9,40.8,60.1,60.4,20.6,9.7
12-03-2021,25.9,7.9,2.2,40.3,60,60.7,20.6,9.6
13-03-2021,25.3,7.6,2.5,40.9,60.7,60.5,20.4,9.2
14-03-2021,25.3,7.8,2.7,40.7,60.7,60.4,20.2,9.3
15-03-2021,25.4,7.8,2.2,40.8,60.5,60.7,20.2,9
16-03-2021,25.9,7.2,2.3,40.6,60.6,60.3,20.3,9.2
17-03-2021,25.1,7.9,2.7,40.9,60.7,60.2,20.3,9
18-03-2021,25.7,7.1,2.5,40.5,60.2,60,20.3,9.1
19-03-2021,25.9,7.7,2.7,40.8,60.4,60.1,20.4,9.9
20-03-2021,25.5,7.1,2.7,40.9,60.9,60,20.9,9.8
21-03-2021,25.1,7.3,2.7,40.3,60.9,60,20.9,9.7
22-03-2021,25.3,7.4,2,40.1,60.8,60.3,20.5,9.1
23-03-2021,25.2,7,2.1,40.7,60.7,60.1,20.7,9.8
24-03-2021,25.2,7,2.4,40.9,60.3,60.7,20.4,9.7
25-03-2021,25.3,7.9,2.1,40.1,60.6,60.4,20.5,9.8
26-03-2021,25,7.7,2.4,40.2,60.1,60.5,20.7,9.8
27-03-2021,25.2,7.1,2.3,40.4,60.7,60.9,20.2,9.8
28-03-2021,25.7,7,2.6,40.6,60.2,60.7,20.1,9.4
29-03-2021,25.4,7.6,2.7,40,60.1,60.1,20.4,9.4
30-03-2021,25.5,7.9,2.7,40.5,60,60.6,20.6,9.3
31-03-2021,25,7.4,2.2,40,60,60.9,20.6,9.3
